sales_order_id,sales_order_item,material_id,material_group,item_qty,qty_unit,item_net_amount,plant,rejection_reason,item_billing_block,customer_id,order_type,sales_org,payment_terms,currency,order_created_date,requested_delivery_date,order_total_net_amount,overall_delivery_status,delivery_block_reason,billing_block_reason,sales_order_item_norm,delivery_id,delivery_item,actual_delivery_qty,delivery_plant,storage_location,delivery_created_date,actual_goods_movement_date,goods_movement_status,picking_status,delivery_block,shipping_point,billing_doc_id,billed_qty,billed_amount_sum,billing_type,billing_date,billing_created,billing_amount,is_cancelled,accounting_document,billing_customer_id,company_code,payment_posting_date,payment_clearing_date,total_amount_paid,customer_name,is_blocked,material_desc,order_to_delivery_days,delivery_to_billing_days,billing_to_payment_days,total_o2c_days,lifecycle_stage,has_delivery,has_billing,has_payment,missing_stage,is_delivery_delayed,expected_payment_days,is_payment_overdue,is_unpaid,is_billing_cancelled,is_rejected,has_delivery_block,issue_severity
740556,10,B8907367037859,ZFG1001,1,PC,439.83,WB05,,,320000083,OR,ABCD,Z001,INR,2025-04-02,2025-04-02,439.83,C,,,10,80738076,000010,1.0,WB05,5031,2025-04-02,,A,C,,WB05,90504253,10.0,879.66,F2,2025-04-02,2025-04-03,439.83,True,9400000254,320000083,ABCD,,,,"Nelson, Fitzpatrick and Jordan",True,BODYSPRAY 150ML*4 GIFT SET,0.0,0.0,,,cancelled,True,True,False,False,False,30,False,False,True,False,False,1
740556,20,S8907367035978,ZFG1001,1,PC,0.0,WB05,,,320000083,OR,ABCD,Z001,INR,2025-04-02,2025-04-02,439.83,C,,,20,80738076,000020,1.0,WB05,5031,2025-04-02,,A,C,,WB05,90504253,10.0,879.66,F2,2025-04-02,2025-04-03,439.83,True,9400000254,320000083,ABCD,,,,"Nelson, Fitzpatrick and Jordan",True,BODYSPRAY 150ML FIRE,0.0,0.0,,,cancelled,True,True,False,False,False,30,False,False,True,False,False,1
740556,30,S8907367035992,ZFG1001,1,PC,0.0,WB05,,,320000083,OR,ABCD,Z001,INR,2025-04-02,2025-04-02,439.83,C,,,30,80738076,000030,1.0,WB05,5031,2025-04-02,,A,C,,WB05,90504253,10.0,879.66,F2,2025-04-02,2025-04-03,439.83,True,9400000254,320000083,ABCD,,,,"Nelson, Fitzpatrick and Jordan",True,BODYSPRAY 150ML OUD,0.0,0.0,,,cancelled,True,True,False,False,False,30,False,False,True,False,False,1
740556,40,S8907367035985,ZFG1001,1,PC,0.0,WB05,,,320000083,OR,ABCD,Z001,INR,2025-04-02,2025-04-02,439.83,C,,,40,80738076,000040,1.0,WB05,5031,2025-04-02,,A,C,,WB05,90504253,10.0,879.66,F2,2025-04-02,2025-04-03,439.83,True,9400000254,320000083,ABCD,,,,"Nelson, Fitzpatrick and Jordan",True,BODYSPRAY 150ML NIGHT,0.0,0.0,,,cancelled,True,True,False,False,False,30,False,False,True,False,False,1
740556,50,S8907367035961,ZFG1001,1,PC,0.0,WB05,,,320000083,OR,ABCD,Z001,INR,2025-04-02,2025-04-02,439.83,C,,,50,80738076,000050,1.0,WB05,5031,2025-04-02,,A,C,,WB05,90504253,10.0,879.66,F2,2025-04-02,2025-04-03,439.83,True,9400000254,320000083,ABCD,,,,"Nelson, Fitzpatrick and Jordan",True,BODYSPRAY 150ML BLANC,0.0,0.0,,,cancelled,True,True,False,False,False,30,False,False,True,False,False,1
740557,10,B8907367037859,ZFG1001,1,PC,439.83,WB05,,,320000083,OR,ABCD,Z001,INR,2025-04-02,2025-04-02,439.83,C,,,10,80738077,000010,1.0,WB05,5031,2025-04-02,,A,C,,WB05,90504255,10.0,879.66,F2,2025-04-02,2025-04-03,439.83,True,9400000256,320000083,ABCD,,,,"Nelson, Fitzpatrick and Jordan",True,BODYSPRAY 150ML*4 GIFT SET,0.0,0.0,,,cancelled,True,True,False,False,False,30,False,False,True,False,False,1
740557,20,S8907367035961,ZFG1001,1,PC,0.0,WB05,,,320000083,OR,ABCD,Z001,INR,2025-04-02,2025-04-02,439.83,C,,,20,80738077,000020,1.0,WB05,5031,2025-04-02,,A,C,,WB05,90504255,10.0,879.66,F2,2025-04-02,2025-04-03,439.83,True,9400000256,320000083,ABCD,,,,"Nelson, Fitzpatrick and Jordan",True,BODYSPRAY 150ML BLANC,0.0,0.0,,,cancelled,True,True,False,False,False,30,False,False,True,False,False,1
740557,30,S8907367035978,ZFG1001,1,PC,0.0,WB05,,,320000083,OR,ABCD,Z001,INR,2025-04-02,2025-04-02,439.83,C,,,30,80738077,000030,1.0,WB05,5031,2025-04-02,,A,C,,WB05,90504255,10.0,879.66,F2,2025-04-02,2025-04-03,439.83,True,9400000256,320000083,ABCD,,,,"Nelson, Fitzpatrick and Jordan",True,BODYSPRAY 150ML FIRE,0.0,0.0,,,cancelled,True,True,False,False,False,30,False,False,True,False,False,1
740557,40,S8907367035985,ZFG1001,1,PC,0.0,WB05,,,320000083,OR,ABCD,Z001,INR,2025-04-02,2025-04-02,439.83,C,,,40,80738077,000040,1.0,WB05,5031,2025-04-02,,A,C,,WB05,90504255,10.0,879.66,F2,2025-04-02,2025-04-03,439.83,True,9400000256,320000083,ABCD,,,,"Nelson, Fitzpatrick and Jordan",True,BODYSPRAY 150ML NIGHT,0.0,0.0,,,cancelled,True,True,False,False,False,30,False,False,True,False,False,1
740557,50,S8907367035992,ZFG1001,1,PC,0.0,WB05,,,320000083,OR,ABCD,Z001,INR,2025-04-02,2025-04-02,439.83,C,,,50,80738077,000050,1.0,WB05,5031,2025-04-02,,A,C,,WB05,90504255,10.0,879.66,F2,2025-04-02,2025-04-03,439.83,True,9400000256,320000083,ABCD,,,,"Nelson, Fitzpatrick and Jordan",True,BODYSPRAY 150ML OUD,0.0,0.0,,,cancelled,True,True,False,False,False,30,False,False,True,False,False,1
740558,10,S8907367013532,ZFG1001,1,PC,179.66,WB05,,,320000083,OR,ABCD,Z001,INR,2025-04-02,2025-04-02,179.66,C,,,10,80738078,000010,1.0,WB05,5031,2025-04-02,,A,C,,WB05,90504256,2.0,359.32,F2,2025-04-02,2025-04-03,179.66,True,9400000257,320000083,ABCD,,,,"Nelson, Fitzpatrick and Jordan",True,LIPBALM 4G LIGHTNING VIT E,0.0,0.0,,,cancelled,True,True,False,False,False,30,False,False,True,False,False,1
740559,10,S8907367016144,ZFG1001,1,PC,375.42,WB05,,,320000083,OR,ABCD,Z001,INR,2025-04-02,2025-04-02,375.42,C,,,10,80738079,000010,1.0,WB05,5031,2025-04-02,,A,C,,WB05,90504257,2.0,750.84,F2,2025-04-02,2025-04-03,375.42,True,9400000258,320000083,ABCD,,,,"Nelson, Fitzpatrick and Jordan",True,EDT 50ML BLANC,0.0,0.0,,,cancelled,True,True,False,False,False,30,False,False,True,False,False,1
740560,10,S8907367008620,ZFG1001,1,PC,253.39,WB05,,,320000083,OR,ABCD,Z001,INR,2025-04-02,2025-04-02,253.39,C,,,10,80738080,000010,1.0,WB05,5031,2025-04-02,,A,C,,WB05,90504259,2.0,506.78,F2,2025-04-02,2025-04-03,253.39,True,9400000260,320000083,ABCD,,,,"Nelson, Fitzpatrick and Jordan",True,FACESERUM 30ML VIT C,0.0,0.0,,,cancelled,True,True,False,False,False,30,False,False,True,False,False,1
740561,10,S8907367037156,ZFG1001,1,PC,422.03,WB05,,,320000083,OR,ABCD,Z001,INR,2025-04-02,2025-04-02,422.03,C,,,10,80738081,000010,1.0,WB05,5031,2025-04-02,,A,C,,WB05,90504260,2.0,844.06,F2,2025-04-02,2025-04-03,422.03,True,9400000261,320000083,ABCD,,,,"Nelson, Fitzpatrick and Jordan",True,EDP 20ML X 4 A GENTLEMAN'S DESIRE,0.0,0.0,,,cancelled,True,True,False,False,False,30,False,False,True,False,False,1
740562,10,S8907367003380,ZFG1001,1,PC,240.72,WB05,,,320000083,OR,ABCD,Z001,INR,2025-04-02,2025-04-02,843.73,C,,,10,80738082,000010,1.0,WB05,5031,2025-04-02,,A,C,,WB05,90504262,4.0,1687.46,F2,2025-04-02,2025-04-03,843.73,True,9400000263,320000083,ABCD,,,,"Nelson, Fitzpatrick and Jordan",True,AFTERSHAVE 100ML,0.0,0.0,,,cancelled,True,True,False,False,False,30,False,False,True,False,False,1
740562,20,S8907367020035,ZFG1001,1,PC,603.01,WB05,,,320000083,OR,ABCD,Z001,INR,2025-04-02,2025-04-02,843.73,C,,,20,80738082,000020,1.0,WB05,5031,2025-04-02,,A,C,,WB05,90504262,4.0,1687.46,F2,2025-04-02,2025-04-03,843.73,True,9400000263,320000083,ABCD,,,,"Nelson, Fitzpatrick and Jordan",True,EDT 100ML CITRON,0.0,0.0,,,cancelled,True,True,False,False,False,30,False,False,True,False,False,1
740563,10,S8907367008620,ZFG1001,2,PC,481.44,WB05,,,320000083,OR,ABCD,Z001,INR,2025-04-02,2025-04-02,481.44,C,,,10,80738083,000010,2.0,WB05,5031,2025-04-02,,A,C,,WB05,90504263,4.0,962.88,F2,2025-04-02,2025-04-03,481.44,True,9400000264,320000083,ABCD,,,,"Nelson, Fitzpatrick and Jordan",True,FACESERUM 30ML VIT C,0.0,0.0,,,cancelled,True,True,False,False,False,30,False,False,True,False,False,1
740564,10,B8907367037842,ZFG1001,1,PC,761.86,WB05,,,320000083,OR,ABCD,Z001,INR,2025-04-02,2025-04-02,761.86,C,,,10,80738084,000010,1.0,WB05,5031,2025-04-02,,A,C,,WB05,90504265,12.0,1523.72,F2,2025-04-02,2025-04-03,761.86,True,9400000266,320000083,ABCD,,,,"Nelson, Fitzpatrick and Jordan",True,PREMIUM PERFUME GIFT-50ML*4,0.0,0.0,,,cancelled,True,True,False,False,False,30,False,False,True,False,False,1
740564,20,S8907367010814,ZFG1001,1,PC,0.0,WB05,,,320000083,OR,ABCD,Z001,INR,2025-04-02,2025-04-02,761.86,C,,,20,80738084,000020,1.0,WB05,5031,2025-04-02,,A,C,,WB05,90504265,12.0,1523.72,F2,2025-04-02,2025-04-03,761.86,True,9400000266,320000083,ABCD,,,,"Nelson, Fitzpatrick and Jordan",True,EDT 50ML BLACK,0.0,0.0,,,cancelled,True,True,False,False,False,30,False,False,True,False,False,1
740564,30,S8907367036722,ZFG1001,1,PC,0.0,WB05,,,320000083,OR,ABCD,Z001,INR,2025-04-02,2025-04-02,761.86,C,,,30,80738084,000030,1.0,WB05,5031,2025-04-02,,A,C,,WB05,90504265,12.0,1523.72,F2,2025-04-02,2025-04-03,761.86,True,9400000266,320000083,ABCD,,,,"Nelson, Fitzpatrick and Jordan",True,BLACK POUCH,0.0,0.0,,,cancelled,True,True,False,False,False,30,False,False,True,False,False,1
740564,40,S8907367029021,ZFG1001,1,PC,0.0,WB05,,,320000083,OR,ABCD,Z001,INR,2025-04-02,2025-04-02,761.86,C,,,40,80738084,000040,1.0,WB05,5031,2025-04-02,,A,C,,WB05,90504265,12.0,1523.72,F2,2025-04-02,2025-04-03,761.86,True,9400000266,320000083,ABCD,,,,"Nelson, Fitzpatrick and Jordan",True,EDP 50ML FIRE,0.0,0.0,,,cancelled,True,True,False,False,False,30,False,False,True,False,False,1
740564,50,S8907367016144,ZFG1001,1,PC,0.0,WB05,,,320000083,OR,ABCD,Z001,INR,2025-04-02,2025-04-02,761.86,C,,,50,80738084,000050,1.0,WB05,5031,2025-04-02,,A,C,,WB05,90504265,12.0,1523.72,F2,2025-04-02,2025-04-03,761.86,True,9400000266,320000083,ABCD,,,,"Nelson, Fitzpatrick and Jordan",True,EDT 50ML BLANC,0.0,0.0,,,cancelled,True,True,False,False,False,30,False,False,True,False,False,1
740564,60,S8907367029038,ZFG1001,1,PC,0.0,WB05,,,320000083,OR,ABCD,Z001,INR,2025-04-02,2025-04-02,761.86,C,,,60,80738084,000060,1.0,WB05,5031,2025-04-02,,A,C,,WB05,90504265,12.0,1523.72,F2,2025-04-02,2025-04-03,761.86,True,9400000266,320000083,ABCD,,,,"Nelson, Fitzpatrick and Jordan",True,EDP 50ML NIGHT,0.0,0.0,,,cancelled,True,True,False,False,False,30,False,False,True,False,False,1
740565,10,S8907367035664,ZFG1001,1,PC,422.03,WB05,,,320000083,OR,ABCD,Z001,INR,2025-04-02,2025-04-02,422.03,C,,,10,80738085,000010,1.0,WB05,5031,2025-04-02,,A,C,,WB05,90504266,2.0,844.06,F2,2025-04-02,2025-04-03,422.03,True,9400000267,320000083,ABCD,,,,"Nelson, Fitzpatrick and Jordan",True,EDT 100ML BLACK,0.0,0.0,,,cancelled,True,True,False,False,False,30,False,False,True,False,False,1
740566,10,S8907367010814,ZFG1001,1,PC,337.29,WB05,,,320000083,OR,ABCD,Z001,INR,2025-04-02,2025-04-02,337.29,C,,,10,80738086,000010,1.0,WB05,5031,2025-04-02,,A,C,,WB05,91150172,2.0,674.58,S1,2025-04-02,2025-07-24,337.29,False,9400635943,320000083,ABCD,,,,"Nelson, Fitzpatrick and Jordan",True,EDT 50ML BLACK,0.0,0.0,,,billed,True,True,False,False,False,30,False,True,False,False,False,1
740567,10,S8907367014867,ZFG1001,1,PC,191.53,WB05,,,320000083,OR,ABCD,Z001,INR,2025-04-02,2025-04-02,191.53,C,,,10,80738087,000010,1.0,WB05,5031,2025-04-02,,A,C,,WB05,91150171,2.0,383.06,S1,2025-04-02,2025-07-24,191.53,False,9400635942,320000083,ABCD,,,,"Nelson, Fitzpatrick and Jordan",True,NOSE STRIP,0.0,0.0,,,billed,True,True,False,False,False,30,False,True,False,False,False,1
740568,10,S8907367035664,ZFG1001,1,PC,455.93,WB05,,,320000083,OR,ABCD,Z001,INR,2025-04-02,2025-04-02,455.93,C,,,10,80738088,000010,1.0,WB05,5031,2025-04-02,,A,C,,WB05,91150170,2.0,911.86,S1,2025-04-02,2025-07-24,455.93,False,9400635941,320000083,ABCD,,,,"Nelson, Fitzpatrick and Jordan",True,EDT 100ML BLACK,0.0,0.0,,,billed,True,True,False,False,False,30,False,True,False,False,False,1
740569,10,S8907367035664,ZFG1001,1,PC,422.03,WB05,,,320000083,OR,ABCD,Z001,INR,2025-04-02,2025-04-02,422.03,C,,,10,80738089,000010,1.0,WB05,5031,2025-04-02,,A,C,,WB05,91150169,2.0,844.06,S1,2025-04-02,2025-07-24,422.03,False,9400635940,320000083,ABCD,,,,"Nelson, Fitzpatrick and Jordan",True,EDT 100ML BLACK,0.0,0.0,,,billed,True,True,False,False,False,30,False,True,False,False,False,1
740570,10,S8907367035664,ZFG1001,1,PC,422.03,WB05,,,320000083,OR,ABCD,Z001,INR,2025-04-02,2025-04-02,422.03,C,,,10,80738090,000010,1.0,WB05,5031,2025-04-02,,A,C,,WB05,91150168,2.0,844.06,S1,2025-04-02,2025-07-24,422.03,False,9400635939,320000083,ABCD,,,,"Nelson, Fitzpatrick and Jordan",True,EDT 100ML BLACK,0.0,0.0,,,billed,True,True,False,False,False,30,False,True,False,False,False,1
740571,10,S8907367003380,ZFG1001,1,PC,253.39,WB05,,,320000083,OR,ABCD,Z001,INR,2025-04-02,2025-04-02,253.39,C,,,10,80738091,000010,1.0,WB05,5031,2025-04-02,,A,C,,WB05,91150167,2.0,506.78,S1,2025-04-02,2025-07-24,253.39,False,9400635938,320000083,ABCD,,,,"Nelson, Fitzpatrick and Jordan",True,AFTERSHAVE 100ML,0.0,0.0,,,billed,True,True,False,False,False,30,False,True,False,False,False,1
740572,10,S8907367003311,ZFG1001,1,PC,215.25,WB05,,,320000083,OR,ABCD,Z001,INR,2025-04-02,2025-04-02,215.25,C,,,10,80738092,000010,1.0,WB05,5031,2025-04-02,,A,C,,WB05,91150166,2.0,430.5,S1,2025-04-02,2025-07-24,215.25,False,9400635937,320000083,ABCD,,,,"Nelson, Fitzpatrick and Jordan",True,PEEL OFF MASK 100G MORINGA+GOOSEBERRY,0.0,0.0,,,billed,True,True,False,False,False,30,False,True,False,False,False,1
740573,10,S8907367041993,ZFG1001,1,PC,401.74,WB05,,,320000083,OR,ABCD,Z001,INR,2025-04-02,2025-04-02,842.93,C,,,10,80738093,000010,1.0,WB05,5031,2025-04-02,,A,C,,WB05,91150165,4.0,1685.8600000000001,S1,2025-04-02,2025-07-24,842.93,False,9400635936,320000083,ABCD,,,,"Nelson, Fitzpatrick and Jordan",True,Hope 100ml EDP,0.0,0.0,,,billed,True,True,False,False,False,30,False,True,False,False,False,1
740573,20,S8907367042006,ZFG1001,1,PC,441.19,WB05,,,320000083,OR,ABCD,Z001,INR,2025-04-02,2025-04-02,842.93,C,,,20,80738093,000020,1.0,WB05,5031,2025-04-02,,A,C,,WB05,91150165,4.0,1685.8600000000001,S1,2025-04-02,2025-07-24,842.93,False,9400635936,320000083,ABCD,,,,"Nelson, Fitzpatrick and Jordan",True,Destiny 100ml EDP,0.0,0.0,,,billed,True,True,False,False,False,30,False,True,False,False,False,1
740574,10,B8907367032649,ZFG1001,1,PC,327.97,WB05,,,320000083,OR,ABCD,Z001,INR,2025-04-02,2025-04-02,327.97,C,,,10,80738094,000010,1.0,WB05,5031,2025-04-02,,A,C,,WB05,90504279,6.0,655.94,F2,2025-04-02,2025-04-03,327.97,True,9400000280,320000083,ABCD,2025-04-02,2025-04-02,1161.03,"Nelson, Fitzpatrick and Jordan",True,HAIRWAX 50G BRAWN EXTRASTRONGHOLD PACK 2,0.0,0.0,0.0,0.0,cancelled,True,True,True,False,False,30,False,False,True,False,False,1
740574,20,S8907367013082,ZFG1001,2,PC,0.0,WB05,,,320000083,OR,ABCD,Z001,INR,2025-04-02,2025-04-02,327.97,C,,,20,80738094,000020,2.0,WB05,5031,2025-04-02,,A,C,,WB05,90504279,6.0,655.94,F2,2025-04-02,2025-04-03,327.97,True,9400000280,320000083,ABCD,2025-04-02,2025-04-02,1161.03,"Nelson, Fitzpatrick and Jordan",True,HAIRWAX 50G BRAWN ALMOND+ARGAN,0.0,0.0,0.0,0.0,cancelled,True,True,True,False,False,30,False,False,True,False,False,1
740575,10,S8907367003311,ZFG1001,1,PC,215.25,WB05,,,320000083,OR,ABCD,Z001,INR,2025-04-02,2025-04-02,215.25,C,,,10,80738095,000010,1.0,WB05,5031,2025-04-02,,A,C,,WB05,91150163,2.0,430.5,S1,2025-04-02,2025-07-24,215.25,False,9400635934,320000083,ABCD,,,,"Nelson, Fitzpatrick and Jordan",True,PEEL OFF MASK 100G MORINGA+GOOSEBERRY,0.0,0.0,,,billed,True,True,False,False,False,30,False,True,False,False,False,1
740576,10,S8907367039303,ZFG1001,1,PC,473.73,WB05,,,320000083,OR,ABCD,Z001,INR,2025-04-02,2025-04-02,473.73,C,,,10,80738096,000010,1.0,WB05,5031,2025-04-02,,A,C,,WB05,91150162,2.0,947.46,S1,2025-04-02,2025-07-24,473.73,False,9400635933,320000083,ABCD,,,,"Nelson, Fitzpatrick and Jordan",True,ABC HAIR GROWTH SERUM 30ML,0.0,0.0,,,billed,True,True,False,False,False,30,False,True,False,False,False,1
740577,10,S8907367042006,ZFG1001,1,PC,464.41,WB05,,,320000083,OR,ABCD,Z001,INR,2025-04-02,2025-04-02,464.41,C,,,10,80738097,000010,1.0,WB05,5031,2025-04-02,,A,C,,WB05,91150161,2.0,928.82,S1,2025-04-02,2025-07-24,464.41,False,9400635932,320000083,ABCD,,,,"Nelson, Fitzpatrick and Jordan",True,Destiny 100ml EDP,0.0,0.0,,,billed,True,True,False,False,False,30,False,True,False,False,False,1
740578,10,S8907367042006,ZFG1001,1,PC,464.41,WB05,,,320000083,OR,ABCD,Z001,INR,2025-04-02,2025-04-02,464.41,C,,,10,80738098,000010,1.0,WB05,5031,2025-04-02,,A,C,,WB05,91150160,2.0,928.82,S1,2025-04-02,2025-07-24,464.41,False,9400635931,320000083,ABCD,,,,"Nelson, Fitzpatrick and Jordan",True,Destiny 100ml EDP,0.0,0.0,,,billed,True,True,False,False,False,30,False,True,False,False,False,1
740579,10,S8907367042006,ZFG1001,1,PC,464.41,WB05,,,320000083,OR,ABCD,Z001,INR,2025-04-02,2025-04-02,464.41,C,,,10,80738099,000010,1.0,WB05,5031,2025-04-02,,A,C,,WB05,91150159,2.0,928.82,S1,2025-04-02,2025-07-24,464.41,False,9400635930,320000083,ABCD,,,,"Nelson, Fitzpatrick and Jordan",True,Destiny 100ml EDP,0.0,0.0,,,billed,True,True,False,False,False,30,False,True,False,False,False,1
740580,10,S8907367042006,ZFG1001,1,PC,464.41,WB05,,,320000083,OR,ABCD,Z001,INR,2025-04-02,2025-04-02,464.41,C,,,10,80738100,000010,1.0,WB05,5031,2025-04-02,,A,C,,WB05,91150158,2.0,928.82,S1,2025-04-02,2025-07-24,464.41,False,9400635929,320000083,ABCD,,,,"Nelson, Fitzpatrick and Jordan",True,Destiny 100ml EDP,0.0,0.0,,,billed,True,True,False,False,False,30,False,True,False,False,False,1
740581,10,S8907367002499,ZFG1001,1,PC,205.93,WB05,,,320000083,OR,ABCD,Z001,INR,2025-04-02,2025-04-02,205.93,C,,,10,80738101,000010,1.0,WB05,5031,2025-04-02,,A,C,,WB05,91150157,2.0,411.86,S1,2025-04-02,2025-07-24,205.93,False,9400635928,320000083,ABCD,,,,"Nelson, Fitzpatrick and Jordan",True,HAIRWAX 100G SPORTIVO POMADE,0.0,0.0,,,billed,True,True,False,False,False,30,False,True,False,False,False,1
740582,10,S8907367001003,ZFG1001,1,PC,216.1,WB05,,,320000083,OR,ABCD,Z001,INR,2025-04-02,2025-04-02,216.1,C,,,10,80738102,000010,1.0,WB05,5031,2025-04-02,,A,C,,WB05,91150156,2.0,432.2,S1,2025-04-02,2025-07-24,216.1,False,9400635927,320000083,ABCD,,,,"Nelson, Fitzpatrick and Jordan",True,BEARDOIL 30ML ALMOND+THYME,0.0,0.0,,,billed,True,True,False,False,False,30,False,True,False,False,False,1
740583,10,S8907367001003,ZFG1001,1,PC,216.1,WB05,,,320000083,OR,ABCD,Z001,INR,2025-04-02,2025-04-02,216.1,C,,,10,80738103,000010,1.0,WB05,5031,2025-04-02,,A,C,,WB05,91150155,2.0,432.2,S1,2025-04-02,2025-07-24,216.1,False,9400635926,320000083,ABCD,,,,"Nelson, Fitzpatrick and Jordan",True,BEARDOIL 30ML ALMOND+THYME,0.0,0.0,,,billed,True,True,False,False,False,30,False,True,False,False,False,1
740584,10,S8907367759287,ZFG1001,2,PC,150.85,TM05,61,,320000108,OR,ABCD,Z001,INR,2025-04-02,2025-04-02,150.85,A,,,10,,,,,,,,,,,,,,,,,,,,,,,,,,Melton Group,True,EDP 20ML CLASSY,,,,,ordered,False,False,False,True,False,30,False,False,False,True,False,1
740585,10,S8907367003342,ZFG1001,1,PC,177.97,1302,61,,320000107,OR,ABCD,Z001,INR,2025-04-02,2025-04-02,177.97,A,,,10,,,,,,,,,,,,,,,,,,,,,,,,,,"Henderson, Garner and Graves",True,EDP 30ML EFFERUS,,,,,ordered,False,False,False,True,False,30,False,False,False,True,False,1
740586,10,S8907367031635,ZFG1001,1,PC,422.03,WB05,,,320000083,OR,ABCD,Z001,INR,2025-04-02,2025-04-02,422.03,C,,,10,80738104,000010,1.0,WB05,5031,2025-04-02,,A,C,,WB05,91150154,2.0,844.06,S1,2025-04-02,2025-07-24,422.03,False,9400635925,320000083,ABCD,,,,"Nelson, Fitzpatrick and Jordan",True,EDP 20ML X 4 A GENTLEMAN'S MOODS,0.0,0.0,,,billed,True,True,False,False,False,30,False,True,False,False,False,1
740587,10,S8907367042006,ZFG1001,1,PC,464.41,WB05,,,320000083,OR,ABCD,Z001,INR,2025-04-02,2025-04-02,464.41,C,,,10,80738105,000010,1.0,WB05,5031,2025-04-02,,A,C,,WB05,91150153,2.0,928.82,S1,2025-04-02,2025-07-24,464.41,False,9400635924,320000083,ABCD,,,,"Nelson, Fitzpatrick and Jordan",True,Destiny 100ml EDP,0.0,0.0,,,billed,True,True,False,False,False,30,False,True,False,False,False,1
740588,10,S8907367020790,ZFG1001,1,PC,118.65,TM05,61,,320000108,OR,ABCD,Z001,INR,2025-04-02,2025-04-02,118.65,A,,,10,,,,,,,,,,,,,,,,,,,,,,,,,,Melton Group,True,BODYSPRAY 150ML BOLD,,,,,ordered,False,False,False,True,False,30,False,False,False,True,False,1
740589,10,B8907367024125,ZFG1001,1,PC,131.31,1302,61,,320000107,OR,ABCD,Z001,INR,2025-04-02,2025-04-02,131.31,A,,,10,,,,,,,,,,,,,,,,,,,,,,,,,,"Henderson, Garner and Graves",True,GAS DEO 40ML-PACK 4,,,,,ordered,False,False,False,True,False,30,False,False,False,True,False,1
740589,20,S8907367023128,ZFG1001,1,PC,0.0,1302,61,,320000107,OR,ABCD,Z001,INR,2025-04-02,2025-04-02,131.31,A,,,20,,,,,,,,,,,,,,,,,,,,,,,,,,"Henderson, Garner and Graves",True,BODYSPRAY 40ML ACTIVE,,,,,ordered,False,False,False,True,False,30,False,False,False,True,False,1
740589,30,S8907367023159,ZFG1001,1,PC,0.0,1302,61,,320000107,OR,ABCD,Z001,INR,2025-04-02,2025-04-02,131.31,A,,,30,,,,,,,,,,,,,,,,,,,,,,,,,,"Henderson, Garner and Graves",True,BODYSPRAY 40ML BOLD,,,,,ordered,False,False,False,True,False,30,False,False,False,True,False,1
740589,40,S8907367023135,ZFG1001,1,PC,0.0,1302,61,,320000107,OR,ABCD,Z001,INR,2025-04-02,2025-04-02,131.31,A,,,40,,,,,,,,,,,,,,,,,,,,,,,,,,"Henderson, Garner and Graves",True,BODYSPRAY 40ML LEGEND,,,,,ordered,False,False,False,True,False,30,False,False,False,True,False,1
740589,50,S8907367023142,ZFG1001,1,PC,0.0,1302,61,,320000107,OR,ABCD,Z001,INR,2025-04-02,2025-04-02,131.31,A,,,50,,,,,,,,,,,,,,,,,,,,,,,,,,"Henderson, Garner and Graves",True,BODYSPRAY 40ML INTENSE,,,,,ordered,False,False,False,True,False,30,False,False,False,True,False,1
740590,10,S8907367042006,ZFG1001,1,PC,464.41,WB05,,,320000083,OR,ABCD,Z001,INR,2025-04-02,2025-04-02,464.41,C,,,10,80738106,000010,1.0,WB05,5031,2025-04-02,,A,C,,WB05,91150152,2.0,928.82,S1,2025-04-02,2025-07-24,464.41,False,9400635923,320000083,ABCD,2025-04-02,2025-04-02,-1644.03,"Nelson, Fitzpatrick and Jordan",True,Destiny 100ml EDP,0.0,0.0,0.0,0.0,paid,True,True,True,False,False,30,False,False,False,False,False,0
740591,10,B8907367028406,ZFG1001,1,PC,303.39,TM05,61,,320000108,OR,ABCD,Z001,INR,2025-04-02,2025-04-02,303.39,A,,,10,,,,,,,,,,,,,,,,,,,,,,,,,,Melton Group,True,BLACK EDT 50ML+BOLD GAS DEO 150ML,,,,,ordered,False,False,False,True,False,30,False,False,False,True,False,1
740591,20,S8907367020790,ZFG1001,1,PC,0.0,TM05,61,,320000108,OR,ABCD,Z001,INR,2025-04-02,2025-04-02,303.39,A,,,20,,,,,,,,,,,,,,,,,,,,,,,,,,Melton Group,True,BODYSPRAY 150ML BOLD,,,,,ordered,False,False,False,True,False,30,False,False,False,True,False,1
740591,30,S8907367010814,ZFG1001,1,PC,0.0,TM05,61,,320000108,OR,ABCD,Z001,INR,2025-04-02,2025-04-02,303.39,A,,,30,,,,,,,,,,,,,,,,,,,,,,,,,,Melton Group,True,EDT 50ML BLACK,,,,,ordered,False,False,False,True,False,30,False,False,False,True,False,1
740592,10,S8907367020035,ZFG1001,1,PC,634.75,WB05,,,320000083,OR,ABCD,Z001,INR,2025-04-02,2025-04-02,634.75,C,,,10,80738107,000010,1.0,WB05,5031,2025-04-02,,A,C,,WB05,91150151,2.0,1269.5,S1,2025-04-02,2025-07-24,634.75,False,9400635922,320000083,ABCD,2025-04-02,2025-04-02,-2247.03,"Nelson, Fitzpatrick and Jordan",True,EDT 100ML CITRON,0.0,0.0,0.0,0.0,paid,True,True,True,False,False,30,False,False,False,False,False,0
740593,10,S8907367035664,ZFG1001,1,PC,422.04,1302,61,,320000107,OR,ABCD,Z001,INR,2025-04-02,2025-04-02,422.04,A,,,10,,,,,,,,,,,,,,,,,,,,,,,,,,"Henderson, Garner and Graves",True,EDT 100ML BLACK,,,,,ordered,False,False,False,True,False,30,False,False,False,True,False,1
740594,10,S8907367010814,ZFG1001,1,PC,337.29,TM05,61,,320000108,OR,ABCD,Z001,INR,2025-04-02,2025-04-02,337.29,A,,,10,,,,,,,,,,,,,,,,,,,,,,,,,,Melton Group,True,EDT 50ML BLACK,,,,,ordered,False,False,False,True,False,30,False,False,False,True,False,1
740595,10,S8907367002512,ZFG1001,1,PC,215.25,WB05,,,320000083,OR,ABCD,Z001,INR,2025-04-02,2025-04-02,215.25,C,,,10,80738108,000010,1.0,WB05,5031,2025-04-02,,A,C,,WB05,91150150,2.0,430.5,S1,2025-04-02,2025-07-24,215.25,False,9400635921,320000083,ABCD,2025-04-02,2025-04-02,-761.97,"Nelson, Fitzpatrick and Jordan",True,Machismo Hair cream wax 100GM,0.0,0.0,0.0,0.0,paid,True,True,True,False,False,30,False,False,False,False,False,0
740596,10,S8907367001003,ZFG1001,1,PC,202.54,TM05,61,,320000108,OR,ABCD,Z001,INR,2025-04-02,2025-04-02,202.54,A,,,10,,,,,,,,,,,,,,,,,,,,,,,,,,Melton Group,True,BEARDOIL 30ML ALMOND+THYME,,,,,ordered,False,False,False,True,False,30,False,False,False,True,False,1
740597,10,S8907367020790,ZFG1001,1,PC,118.64,1302,61,,320000107,OR,ABCD,Z001,INR,2025-04-02,2025-04-02,118.64,A,,,10,,,,,,,,,,,,,,,,,,,,,,,,,,"Henderson, Garner and Graves",True,BODYSPRAY 150ML BOLD,,,,,ordered,False,False,False,True,False,30,False,False,False,True,False,1
740598,10,B8907367041603,ZFG1001,1,PC,533.05,WB05,,,320000083,OR,ABCD,Z001,INR,2025-04-02,2025-04-02,533.05,C,,,10,80738109,000010,1.0,WB05,5031,2025-04-02,,A,C,,WB05,90504298,8.0,1066.1,F2,2025-04-02,2025-04-03,533.05,True,9400000299,320000083,ABCD,2025-04-02,2025-04-02,1886.97,"Nelson, Fitzpatrick and Jordan",True,"BLACK, BLANC & FIRE EDT COMBO",0.0,0.0,0.0,0.0,cancelled,True,True,True,False,False,30,False,False,True,False,False,1
740598,20,S8907367016144,ZFG1001,1,PC,0.0,WB05,,,320000083,OR,ABCD,Z001,INR,2025-04-02,2025-04-02,533.05,C,,,20,80738109,000020,1.0,WB05,5031,2025-04-02,,A,C,,WB05,90504298,8.0,1066.1,F2,2025-04-02,2025-04-03,533.05,True,9400000299,320000083,ABCD,2025-04-02,2025-04-02,1886.97,"Nelson, Fitzpatrick and Jordan",True,EDT 50ML BLANC,0.0,0.0,0.0,0.0,cancelled,True,True,True,False,False,30,False,False,True,False,False,1
740598,30,S8907367029021,ZFG1001,1,PC,0.0,WB05,,,320000083,OR,ABCD,Z001,INR,2025-04-02,2025-04-02,533.05,C,,,30,80738109,000030,1.0,WB05,5031,2025-04-02,,A,C,,WB05,90504298,8.0,1066.1,F2,2025-04-02,2025-04-03,533.05,True,9400000299,320000083,ABCD,2025-04-02,2025-04-02,1886.97,"Nelson, Fitzpatrick and Jordan",True,EDP 50ML FIRE,0.0,0.0,0.0,0.0,cancelled,True,True,True,False,False,30,False,False,True,False,False,1
740598,40,S8907367010814,ZFG1001,1,PC,0.0,WB05,,,320000083,OR,ABCD,Z001,INR,2025-04-02,2025-04-02,533.05,C,,,40,80738109,000040,1.0,WB05,5031,2025-04-02,,A,C,,WB05,90504298,8.0,1066.1,F2,2025-04-02,2025-04-03,533.05,True,9400000299,320000083,ABCD,2025-04-02,2025-04-02,1886.97,"Nelson, Fitzpatrick and Jordan",True,EDT 50ML BLACK,0.0,0.0,0.0,0.0,cancelled,True,True,True,False,False,30,False,False,True,False,False,1
740599,10,B8907367022787,ZFG1001,1,PC,202.56,TM05,61,,320000108,OR,ABCD,Z001,INR,2025-04-02,2025-04-02,202.56,A,,,10,,,,,,,,,,,,,,,,,,,,,,,,,,Melton Group,True,BODYSPRAY ACTIVE+BOLD,,,,,ordered,False,False,False,True,False,30,False,False,False,True,False,1
740599,20,S8907367020783,ZFG1001,1,PC,0.0,TM05,61,,320000108,OR,ABCD,Z001,INR,2025-04-02,2025-04-02,202.56,A,,,20,,,,,,,,,,,,,,,,,,,,,,,,,,Melton Group,True,BODYSPRAY 150ML ACTIVE,,,,,ordered,False,False,False,True,False,30,False,False,False,True,False,1
740599,30,S8907367020790,ZFG1001,1,PC,0.0,TM05,61,,320000108,OR,ABCD,Z001,INR,2025-04-02,2025-04-02,202.56,A,,,30,,,,,,,,,,,,,,,,,,,,,,,,,,Melton Group,True,BODYSPRAY 150ML BOLD,,,,,ordered,False,False,False,True,False,30,False,False,False,True,False,1
740600,10,S8907367028659,ZFG1001,1,PC,169.49,1302,61,,320000107,OR,ABCD,Z001,INR,2025-04-02,2025-04-02,169.49,A,,,10,,,,,,,,,,,,,,,,,,,,,,,,,,"Henderson, Garner and Graves",True,BODYLOTION 200ML BLANC,,,,,ordered,False,False,False,True,False,30,False,False,False,True,False,1
740601,10,S8907367042006,ZFG1001,1,PC,464.41,WB05,,,320000083,OR,ABCD,Z001,INR,2025-04-02,2025-04-02,464.41,C,,,10,80738110,000010,1.0,WB05,5031,2025-04-02,,A,C,,WB05,91150148,2.0,928.82,S1,2025-04-02,2025-07-24,464.41,False,9400635919,320000083,ABCD,2025-04-02,2025-04-02,-1644.03,"Nelson, Fitzpatrick and Jordan",True,Destiny 100ml EDP,0.0,0.0,0.0,0.0,paid,True,True,True,False,False,30,False,False,False,False,False,0
740602,10,B8907367024125,ZFG1001,1,PC,131.38,1302,61,,320000107,OR,ABCD,Z001,INR,2025-04-02,2025-04-02,131.38,A,,,10,,,,,,,,,,,,,,,,,,,,,,,,,,"Henderson, Garner and Graves",True,GAS DEO 40ML-PACK 4,,,,,ordered,False,False,False,True,False,30,False,False,False,True,False,1
740602,20,S8907367023128,ZFG1001,1,PC,0.0,1302,61,,320000107,OR,ABCD,Z001,INR,2025-04-02,2025-04-02,131.38,A,,,20,,,,,,,,,,,,,,,,,,,,,,,,,,"Henderson, Garner and Graves",True,BODYSPRAY 40ML ACTIVE,,,,,ordered,False,False,False,True,False,30,False,False,False,True,False,1
740602,30,S8907367023159,ZFG1001,1,PC,0.0,1302,61,,320000107,OR,ABCD,Z001,INR,2025-04-02,2025-04-02,131.38,A,,,30,,,,,,,,,,,,,,,,,,,,,,,,,,"Henderson, Garner and Graves",True,BODYSPRAY 40ML BOLD,,,,,ordered,False,False,False,True,False,30,False,False,False,True,False,1
740602,40,S8907367023142,ZFG1001,1,PC,0.0,1302,61,,320000107,OR,ABCD,Z001,INR,2025-04-02,2025-04-02,131.38,A,,,40,,,,,,,,,,,,,,,,,,,,,,,,,,"Henderson, Garner and Graves",True,BODYSPRAY 40ML INTENSE,,,,,ordered,False,False,False,True,False,30,False,False,False,True,False,1
740602,50,S8907367023135,ZFG1001,1,PC,0.0,1302,61,,320000107,OR,ABCD,Z001,INR,2025-04-02,2025-04-02,131.38,A,,,50,,,,,,,,,,,,,,,,,,,,,,,,,,"Henderson, Garner and Graves",True,BODYSPRAY 40ML LEGEND,,,,,ordered,False,False,False,True,False,30,False,False,False,True,False,1
740603,10,S8907367013587,ZFG1001,1,PC,133.9,TM05,61,,320000108,OR,ABCD,Z001,INR,2025-04-02,2025-04-02,133.9,A,,,10,,,,,,,,,,,,,,,,,,,,,,,,,,Melton Group,True,LIPBALM 4G ESSENCIA VIT E,,,,,ordered,False,False,False,True,False,30,False,False,False,True,False,1
740604,10,B8907367039570,ZFG1001,1,PC,1091.53,WB05,,,320000083,OR,ABCD,Z001,INR,2025-04-02,2025-04-02,1091.53,C,,,10,80738111,000010,1.0,WB05,5031,2025-04-02,,A,C,,WB05,90504301,8.0,2183.06,F2,2025-04-02,2025-04-03,1091.53,True,9400000302,320000083,ABCD,2025-04-02,2025-04-02,3864.03,"Nelson, Fitzpatrick and Jordan",True,MEN'S PERFUME COMBO - 3 X 100ML,0.0,0.0,0.0,0.0,cancelled,True,True,True,False,False,30,False,False,True,False,False,1
740604,20,S8907367015277,ZFG1001,1,PC,0.0,WB05,,,320000083,OR,ABCD,Z001,INR,2025-04-02,2025-04-02,1091.53,C,,,20,80738111,000020,1.0,WB05,5031,2025-04-02,,A,C,,WB05,90504301,8.0,2183.06,F2,2025-04-02,2025-04-03,1091.53,True,9400000302,320000083,ABCD,2025-04-02,2025-04-02,3864.03,"Nelson, Fitzpatrick and Jordan",True,EDP 100ML INTENSE,0.0,0.0,0.0,0.0,cancelled,True,True,True,False,False,30,False,False,True,False,False,1
740604,30,S8907367020035,ZFG1001,1,PC,0.0,WB05,,,320000083,OR,ABCD,Z001,INR,2025-04-02,2025-04-02,1091.53,C,,,30,80738111,000030,1.0,WB05,5031,2025-04-02,,A,C,,WB05,90504301,8.0,2183.06,F2,2025-04-02,2025-04-03,1091.53,True,9400000302,320000083,ABCD,2025-04-02,2025-04-02,3864.03,"Nelson, Fitzpatrick and Jordan",True,EDT 100ML CITRON,0.0,0.0,0.0,0.0,cancelled,True,True,True,False,False,30,False,False,True,False,False,1
740604,40,S8907367020042,ZFG1001,1,PC,0.0,WB05,,,320000083,OR,ABCD,Z001,INR,2025-04-02,2025-04-02,1091.53,C,,,40,80738111,000040,1.0,WB05,5031,2025-04-02,,A,C,,WB05,90504301,8.0,2183.06,F2,2025-04-02,2025-04-03,1091.53,True,9400000302,320000083,ABCD,2025-04-02,2025-04-02,3864.03,"Nelson, Fitzpatrick and Jordan",True,EDT 100ML JOY,0.0,0.0,0.0,0.0,cancelled,True,True,True,False,False,30,False,False,True,False,False,1
740605,10,B8907367037859,ZFG1001,1,PC,435.57,1302,61,,320000107,OR,ABCD,Z001,INR,2025-04-02,2025-04-02,435.57,A,,,10,,,,,,,,,,,,,,,,,,,,,,,,,,"Henderson, Garner and Graves",True,BODYSPRAY 150ML*4 GIFT SET,,,,,ordered,False,False,False,True,False,30,False,False,False,True,False,1
740605,20,S8907367035992,ZFG1001,1,PC,0.0,1302,61,,320000107,OR,ABCD,Z001,INR,2025-04-02,2025-04-02,435.57,A,,,20,,,,,,,,,,,,,,,,,,,,,,,,,,"Henderson, Garner and Graves",True,BODYSPRAY 150ML OUD,,,,,ordered,False,False,False,True,False,30,False,False,False,True,False,1
740605,30,S8907367035978,ZFG1001,1,PC,0.0,1302,61,,320000107,OR,ABCD,Z001,INR,2025-04-02,2025-04-02,435.57,A,,,30,,,,,,,,,,,,,,,,,,,,,,,,,,"Henderson, Garner and Graves",True,BODYSPRAY 150ML FIRE,,,,,ordered,False,False,False,True,False,30,False,False,False,True,False,1
740605,40,S8907367035985,ZFG1001,1,PC,0.0,1302,61,,320000107,OR,ABCD,Z001,INR,2025-04-02,2025-04-02,435.57,A,,,40,,,,,,,,,,,,,,,,,,,,,,,,,,"Henderson, Garner and Graves",True,BODYSPRAY 150ML NIGHT,,,,,ordered,False,False,False,True,False,30,False,False,False,True,False,1
740605,50,S8907367035961,ZFG1001,1,PC,0.0,1302,61,,320000107,OR,ABCD,Z001,INR,2025-04-02,2025-04-02,435.57,A,,,50,,,,,,,,,,,,,,,,,,,,,,,,,,"Henderson, Garner and Graves",True,BODYSPRAY 150ML BLANC,,,,,ordered,False,False,False,True,False,30,False,False,False,True,False,1
740506,10,S8907367001003,ZFG1001,48,PC,9966.1,1920,,,310000108,OR,ABCD,Z009,INR,2025-03-31,2025-03-31,17108.25,C,,,10,80737721,000010,48.0,1920,V2S2,2025-03-31,,A,C,,1920,,,,,,,,,,,,,,,"Cardenas, Parker and Avila",False,BEARDOIL 30ML ALMOND+THYME,0.0,,,,delivered,True,False,False,True,False,0,False,False,False,False,False,1
740506,20,S8907367000327,ZFG1001,10,PC,2366.95,1920,,,310000108,OR,ABCD,Z009,INR,2025-03-31,2025-03-31,17108.25,C,,,20,80737721,000020,10.0,1920,V2S2,2025-03-31,,A,C,,1920,,,,,,,,,,,,,,,"Cardenas, Parker and Avila",False,BODYPERFUME 120ML BLANC,0.0,,,,delivered,True,False,False,True,False,0,False,False,False,False,False,1
740506,30,S8907367020073,ZFG1001,8,PC,1181.69,1920,,,310000108,OR,ABCD,Z009,INR,2025-03-31,2025-03-31,17108.25,C,,,30,80737721,000030,8.0,1920,V2S2,2025-03-31,,A,C,,1920,,,,,,,,,,,,,,,"Cardenas, Parker and Avila",False,HAIR REMOVAL CREAM 100G CHARCOAL,0.0,,,,delivered,True,False,False,True,False,0,False,False,False,False,False,1
740506,40,S8907367025344,ZFG1001,4,PC,709.49,1920,,,310000108,OR,ABCD,Z009,INR,2025-03-31,2025-03-31,17108.25,C,,,40,80737721,000040,4.0,1920,V2S2,2025-03-31,,A,C,,1920,,,,,,,,,,,,,,,"Cardenas, Parker and Avila",False,ROLL-ON DEO 55ML BLANC,0.0,,,,delivered,True,False,False,True,False,0,False,False,False,False,False,1
740506,50,S8907367035664,ZFG1001,11,PC,2884.02,1920,,,310000108,OR,ABCD,Z009,INR,2025-03-31,2025-03-31,17108.25,C,,,50,80737721,000050,11.0,1920,V2S2,2025-03-31,,A,C,,1920,,,,,,,,,,,,,,,"Cardenas, Parker and Avila",False,EDT 100ML BLACK,0.0,,,,delivered,True,False,False,True,False,0,False,False,False,False,False,1
740507,10,S8907367001003,ZFG1001,24,PC,4983.05,1920,,,310000109,OR,ABCD,Z009,INR,2025-03-31,2025-03-31,19021.27,C,,,10,80737722,000010,24.0,1920,V2S2,2025-03-31,,A,C,,1920,,,,,,,,,,,,,,,Bradley-Kelley,False,BEARDOIL 30ML ALMOND+THYME,0.0,,,,delivered,True,False,False,True,False,0,False,False,False,False,False,1
740507,20,S8907367000327,ZFG1001,15,PC,3550.42,1920,,,310000109,OR,ABCD,Z009,INR,2025-03-31,2025-03-31,19021.27,C,,,20,80737722,000020,15.0,1920,V2S2,2025-03-31,,A,C,,1920,,,,,,,,,,,,,,,Bradley-Kelley,False,BODYPERFUME 120ML BLANC,0.0,,,,delivered,True,False,False,True,False,0,False,False,False,False,False,1
740507,30,S8907367025344,ZFG1001,34,PC,6030.68,1920,,,310000109,OR,ABCD,Z009,INR,2025-03-31,2025-03-31,19021.27,C,,,30,80737722,000030,34.0,1920,V2S2,2025-03-31,,A,C,,1920,,,,,,,,,,,,,,,Bradley-Kelley,False,ROLL-ON DEO 55ML BLANC,0.0,,,,delivered,True,False,False,True,False,0,False,False,False,False,False,1
740507,40,S8907367035664,ZFG1001,17,PC,4457.12,1920,,,310000109,OR,ABCD,Z009,INR,2025-03-31,2025-03-31,19021.27,C,,,40,80737722,000040,17.0,1920,V2S2,2025-03-31,,A,C,,1920,,,,,,,,,,,,,,,Bradley-Kelley,False,EDT 100ML BLACK,0.0,,,,delivered,True,False,False,True,False,0,False,False,False,False,False,1
740508,10,S8907367001003,ZFG1001,1,PC,207.63,1920,,,310000109,OR,ABCD,Z009,INR,2025-03-31,2025-03-31,883.88,C,,,10,80737723,000010,1.0,1920,V2S2,2025-03-31,,A,C,,1920,,,,,,,,,,,,,,,Bradley-Kelley,False,BEARDOIL 30ML ALMOND+THYME,0.0,,,,delivered,True,False,False,True,False,0,False,False,False,False,False,1
740508,20,S8907367000327,ZFG1001,1,PC,236.69,1920,,,310000109,OR,ABCD,Z009,INR,2025-03-31,2025-03-31,883.88,C,,,20,80737723,000020,1.0,1920,V2S2,2025-03-31,,A,C,,1920,,,,,,,,,,,,,,,Bradley-Kelley,False,BODYPERFUME 120ML BLANC,0.0,,,,delivered,True,False,False,True,False,0,False,False,False,False,False,1
740508,30,S8907367025344,ZFG1001,1,PC,177.37,1920,,,310000109,OR,ABCD,Z009,INR,2025-03-31,2025-03-31,883.88,C,,,30,80737723,000030,1.0,1920,V2S2,2025-03-31,,A,C,,1920,,,,,,,,,,,,,,,Bradley-Kelley,False,ROLL-ON DEO 55ML BLANC,0.0,,,,delivered,True,False,False,True,False,0,False,False,False,False,False,1
740508,40,S8907367035664,ZFG1001,1,PC,262.19,1920,,,310000109,OR,ABCD,Z009,INR,2025-03-31,2025-03-31,883.88,C,,,40,80737723,000040,1.0,1920,V2S2,2025-03-31,,A,C,,1920,,,,,,,,,,,,,,,Bradley-Kelley,False,EDT 100ML BLACK,0.0,,,,delivered,True,False,False,True,False,0,False,False,False,False,False,1
740509,10,S8907367013532,ZFG1001,1,PC,229.66,WB05,,,320000083,OR,ABCD,Z001,INR,2025-04-02,2025-04-02,229.66,C,,,10,80738040,000010,1.0,WB05,5101,2025-04-02,,A,C,,WB05,90504204,2.0,459.32,F2,2025-04-02,2025-04-03,229.66,True,9400000205,320000083,ABCD,2025-04-02,2025-04-02,813.0,"Nelson, Fitzpatrick and Jordan",True,LIPBALM 4G LIGHTNING VIT E,0.0,0.0,0.0,0.0,cancelled,True,True,True,False,False,30,False,False,True,False,False,1
740510,10,S8907367038122,ZFG1001,1,PC,221.19,WB05,,,320000083,OR,ABCD,Z001,INR,2025-04-02,2025-04-02,221.19,C,,,10,80738041,000010,1.0,WB05,5101,2025-04-02,,A,C,,WB05,90504206,2.0,442.38,F2,2025-04-02,2025-04-03,221.19,True,9400000206,320000083,ABCD,2025-04-02,2025-04-02,783.03,"Nelson, Fitzpatrick and Jordan",True,GLOW PRO MOISTURISER 50G,0.0,0.0,0.0,0.0,cancelled,True,True,True,False,False,30,False,False,True,False,False,1
740511,10,S8907367001003,ZFG1001,1,PC,250.0,WB05,,,320000083,OR,ABCD,Z001,INR,2025-04-02,2025-04-02,250.0,C,,,10,80738042,000010,1.0,WB05,5101,2025-04-02,,A,C,,WB05,90504207,2.0,500.0,F2,2025-04-02,2025-04-03,250.0,True,9400000208,320000083,ABCD,2025-04-02,2025-04-02,885.0,"Nelson, Fitzpatrick and Jordan",True,BEARDOIL 30ML ALMOND+THYME,0.0,0.0,0.0,0.0,cancelled,True,True,True,False,False,30,False,False,True,False,False,1
740512,10,S8907367002512,ZFG1001,1,PC,249.15,WB05,,,320000083,OR,ABCD,Z001,INR,2025-04-02,2025-04-02,249.15,C,,,10,80738043,000010,1.0,WB05,5101,2025-04-02,,A,C,,WB05,90504208,2.0,498.3,F2,2025-04-02,2025-04-03,249.15,True,9400000209,320000083,ABCD,2025-04-02,2025-04-02,882.0,"Nelson, Fitzpatrick and Jordan",True,Machismo Hair cream wax 100GM,0.0,0.0,0.0,0.0,cancelled,True,True,True,False,False,30,False,False,True,False,False,1
740513,10,S8907367039280,ZFG1001,1,PC,363.56,WB05,,,320000083,OR,ABCD,Z001,INR,2025-04-02,2025-04-02,363.56,C,,,10,80738044,000010,1.0,WB05,5101,2025-04-02,,A,C,,WB05,90504210,2.0,727.12,F2,2025-04-02,2025-04-03,363.56,True,9400000211,320000083,ABCD,2025-04-02,2025-04-02,1287.0,"Nelson, Fitzpatrick and Jordan",True,SUNSCREEN GEL SPF50-PA+++ 50ML,0.0,0.0,0.0,0.0,cancelled,True,True,True,False,False,30,False,False,True,False,False,1
740514,10,S8907367039280,ZFG1001,1,PC,363.56,WB05,,,320000083,OR,ABCD,Z001,INR,2025-04-02,2025-04-02,363.56,C,,,10,80738045,000010,1.0,WB05,5101,2025-04-02,,A,C,,WB05,90504211,2.0,727.12,F2,2025-04-02,2025-04-03,363.56,True,9400000212,320000083,ABCD,2025-04-02,2025-04-02,1287.0,"Nelson, Fitzpatrick and Jordan",True,SUNSCREEN GEL SPF50-PA+++ 50ML,0.0,0.0,0.0,0.0,cancelled,True,True,True,False,False,30,False,False,True,False,False,1
740515,10,S8907367039280,ZFG1001,1,PC,363.56,WB05,,,320000083,OR,ABCD,Z001,INR,2025-04-02,2025-04-02,363.56,C,,,10,80738046,000010,1.0,WB05,5101,2025-04-02,,A,C,,WB05,90504212,2.0,727.12,F2,2025-04-02,2025-04-03,363.56,True,9400000213,320000083,ABCD,2025-04-02,2025-04-02,1287.0,"Nelson, Fitzpatrick and Jordan",True,SUNSCREEN GEL SPF50-PA+++ 50ML,0.0,0.0,0.0,0.0,cancelled,True,True,True,False,False,30,False,False,True,False,False,1
740516,10,B8907367032571,ZFG1001,1,PC,272.88,WB05,,,320000083,OR,ABCD,Z001,INR,2025-04-02,2025-04-02,272.88,C,,,10,80738047,000010,1.0,WB05,5101,2025-04-02,,A,C,,WB05,90504214,6.0,545.76,F2,2025-04-02,2025-04-03,272.88,True,9400000215,320000083,ABCD,,,,"Nelson, Fitzpatrick and Jordan",True,FACEWASH 100ML DETAN-PACK 2,0.0,0.0,,,cancelled,True,True,False,False,False,30,False,False,True,False,False,1
740516,20,S8907367025412,ZFG1001,2,PC,0.0,WB05,,,320000083,OR,ABCD,Z001,INR,2025-04-02,2025-04-02,272.88,C,,,20,80738047,000020,2.0,WB05,5101,2025-04-02,,A,C,,WB05,90504214,6.0,545.76,F2,2025-04-02,2025-04-03,272.88,True,9400000215,320000083,ABCD,,,,"Nelson, Fitzpatrick and Jordan",True,FACEWASH 100ML DE-TAN,0.0,0.0,,,cancelled,True,True,False,False,False,30,False,False,True,False,False,1
740517,10,S8907367039280,ZFG1001,1,PC,363.56,WB05,,,320000083,OR,ABCD,Z001,INR,2025-04-02,2025-04-02,363.56,C,,,10,80738048,000010,1.0,WB05,5101,2025-04-02,,A,C,,WB05,90504215,2.0,727.12,F2,2025-04-02,2025-04-03,363.56,True,9400000216,320000083,ABCD,2025-04-02,2025-04-02,1287.0,"Nelson, Fitzpatrick and Jordan",True,SUNSCREEN GEL SPF50-PA+++ 50ML,0.0,0.0,0.0,0.0,cancelled,True,True,True,False,False,30,False,False,True,False,False,1
740518,10,S8907367039280,ZFG1001,1,PC,363.56,WB05,,,320000083,OR,ABCD,Z001,INR,2025-04-02,2025-04-02,363.56,C,,,10,80738049,000010,1.0,WB05,5101,2025-04-02,,A,C,,WB05,90504217,2.0,727.12,F2,2025-04-02,2025-04-03,363.56,True,9400000218,320000083,ABCD,2025-04-02,2025-04-02,1287.0,"Nelson, Fitzpatrick and Jordan",True,SUNSCREEN GEL SPF50-PA+++ 50ML,0.0,0.0,0.0,0.0,cancelled,True,True,True,False,False,30,False,False,True,False,False,1
740519,10,S8907367039280,ZFG1001,1,PC,329.66,WB05,,,320000083,OR,ABCD,Z001,INR,2025-04-02,2025-04-02,329.66,C,,,10,80738050,000010,1.0,WB05,5101,2025-04-02,,A,C,,WB05,90504218,2.0,659.32,F2,2025-04-02,2025-04-03,329.66,True,9400000219,320000083,ABCD,2025-04-02,2025-04-02,1167.0,"Nelson, Fitzpatrick and Jordan",True,SUNSCREEN GEL SPF50-PA+++ 50ML,0.0,0.0,0.0,0.0,cancelled,True,True,True,False,False,30,False,False,True,False,False,1
740520,10,S8907367008620,ZFG1001,1,PC,253.39,WB05,,,320000083,OR,ABCD,Z001,INR,2025-04-02,2025-04-02,253.39,C,,,10,80738051,000010,1.0,WB05,5101,2025-04-02,,A,C,,WB05,90504219,2.0,506.78,F2,2025-04-02,2025-04-03,253.39,True,9400000220,320000083,ABCD,2025-04-02,2025-04-02,897.03,"Nelson, Fitzpatrick and Jordan",True,FACESERUM 30ML VIT C,0.0,0.0,0.0,0.0,cancelled,True,True,True,False,False,30,False,False,True,False,False,1
740521,10,S8907367039280,ZFG1001,1,PC,363.56,WB05,,,320000083,OR,ABCD,Z001,INR,2025-04-02,2025-04-02,363.56,C,,,10,80738052,000010,1.0,WB05,5101,2025-04-02,,A,C,,WB05,90504221,2.0,727.12,F2,2025-04-02,2025-04-03,363.56,True,9400000222,320000083,ABCD,2025-04-02,2025-04-02,1287.0,"Nelson, Fitzpatrick and Jordan",True,SUNSCREEN GEL SPF50-PA+++ 50ML,0.0,0.0,0.0,0.0,cancelled,True,True,True,False,False,30,False,False,True,False,False,1
740522,10,S8907367039280,ZFG1001,1,PC,329.66,WB05,,,320000083,OR,ABCD,Z001,INR,2025-04-02,2025-04-02,329.66,C,,,10,80738053,000010,1.0,WB05,5101,2025-04-02,,A,C,,WB05,90504222,2.0,659.32,F2,2025-04-02,2025-04-03,329.66,True,9400000223,320000083,ABCD,2025-04-02,2025-04-02,1167.0,"Nelson, Fitzpatrick and Jordan",True,SUNSCREEN GEL SPF50-PA+++ 50ML,0.0,0.0,0.0,0.0,cancelled,True,True,True,False,False,30,False,False,True,False,False,1
740523,10,S8907367039280,ZFG1001,1,PC,363.56,WB05,,,320000083,OR,ABCD,Z001,INR,2025-04-02,2025-04-02,363.56,C,,,10,80738054,000010,1.0,WB05,5101,2025-04-02,,A,C,,WB05,90504223,2.0,727.12,F2,2025-04-02,2025-04-03,363.56,True,9400000224,320000083,ABCD,2025-04-02,2025-04-02,1287.0,"Nelson, Fitzpatrick and Jordan",True,SUNSCREEN GEL SPF50-PA+++ 50ML,0.0,0.0,0.0,0.0,cancelled,True,True,True,False,False,30,False,False,True,False,False,1
740524,10,S8907367008620,ZFG1001,1,PC,253.39,WB05,,,320000083,OR,ABCD,Z001,INR,2025-04-02,2025-04-02,253.39,C,,,10,80738055,000010,1.0,WB05,5101,2025-04-02,,A,C,,WB05,90504225,2.0,506.78,F2,2025-04-02,2025-04-03,253.39,True,9400000226,320000083,ABCD,2025-04-02,2025-04-02,897.0,"Nelson, Fitzpatrick and Jordan",True,FACESERUM 30ML VIT C,0.0,0.0,0.0,0.0,cancelled,True,True,True,False,False,30,False,False,True,False,False,1
740525,10,S8907367002512,ZFG1001,1,PC,215.25,WB05,,,320000083,OR,ABCD,Z001,INR,2025-04-02,2025-04-02,215.25,C,,,10,80738056,000010,1.0,WB05,5101,2025-04-02,,A,C,,WB05,90504226,2.0,430.5,F2,2025-04-02,2025-04-03,215.25,True,9400000227,320000083,ABCD,2025-04-02,2025-04-02,761.97,"Nelson, Fitzpatrick and Jordan",True,Machismo Hair cream wax 100GM,0.0,0.0,0.0,0.0,cancelled,True,True,True,False,False,30,False,False,True,False,False,1
740526,10,S8907367025344,ZFG1001,1,PC,185.59,WB05,,,320000083,OR,ABCD,Z001,INR,2025-04-02,2025-04-02,185.59,C,,,10,80738057,000010,1.0,WB05,5101,2025-04-02,,A,C,,WB05,90504227,2.0,371.18,F2,2025-04-02,2025-04-03,185.59,True,9400000228,320000083,ABCD,2025-04-02,2025-04-02,657.0,"Nelson, Fitzpatrick and Jordan",True,ROLL-ON DEO 55ML BLANC,0.0,0.0,0.0,0.0,cancelled,True,True,True,False,False,30,False,False,True,False,False,1
740527,10,S8907367038108,ZFG1001,1,PC,208.52,WB05,,,320000083,OR,ABCD,Z001,INR,2025-04-02,2025-04-02,449.24,C,,,10,80738058,000010,1.0,WB05,5101,2025-04-02,,A,C,,WB05,90504228,4.0,898.48,F2,2025-04-02,2025-04-03,449.24,True,9400000229,320000083,ABCD,2025-04-02,2025-04-02,1590.3,"Nelson, Fitzpatrick and Jordan",True,FACEWASH 100ML GLOW PRO,0.0,0.0,0.0,0.0,cancelled,True,True,True,False,False,30,False,False,True,False,False,1
740527,20,S8907367008620,ZFG1001,1,PC,240.72,WB05,,,320000083,OR,ABCD,Z001,INR,2025-04-02,2025-04-02,449.24,C,,,20,80738058,000020,1.0,WB05,5101,2025-04-02,,A,C,,WB05,90504228,4.0,898.48,F2,2025-04-02,2025-04-03,449.24,True,9400000229,320000083,ABCD,2025-04-02,2025-04-02,1590.3,"Nelson, Fitzpatrick and Jordan",True,FACESERUM 30ML VIT C,0.0,0.0,0.0,0.0,cancelled,True,True,True,False,False,30,False,False,True,False,False,1
740528,10,S8907367008620,ZFG1001,1,PC,253.39,WB05,,,320000083,OR,ABCD,Z001,INR,2025-04-02,2025-04-02,253.39,C,,,10,80738059,000010,1.0,WB05,5101,2025-04-02,,A,C,,WB05,90504230,2.0,506.78,F2,2025-04-02,2025-04-03,253.39,True,9400000231,320000083,ABCD,2025-04-02,2025-04-02,897.03,"Nelson, Fitzpatrick and Jordan",True,FACESERUM 30ML VIT C,0.0,0.0,0.0,0.0,cancelled,True,True,True,False,False,30,False,False,True,False,False,1
740529,10,S8907367001003,ZFG1001,1,PC,216.1,WB05,,,320000083,OR,ABCD,Z001,INR,2025-04-02,2025-04-02,216.1,C,,,10,80738060,000010,1.0,WB05,5101,2025-04-02,,A,C,,WB05,90504231,2.0,432.2,F2,2025-04-02,2025-04-03,216.1,True,9400000232,320000083,ABCD,2025-04-02,2025-04-02,765.0,"Nelson, Fitzpatrick and Jordan",True,BEARDOIL 30ML ALMOND+THYME,0.0,0.0,0.0,0.0,cancelled,True,True,True,False,False,30,False,False,True,False,False,1
740530,10,S8907367013532,ZFG1001,1,PC,179.66,WB05,,,320000083,OR,ABCD,Z001,INR,2025-04-02,2025-04-02,179.66,C,,,10,80738061,000010,1.0,WB05,5101,2025-04-02,,A,C,,WB05,90504232,2.0,359.32,F2,2025-04-02,2025-04-03,179.66,True,9400000233,320000083,ABCD,2025-04-02,2025-04-02,636.0,"Nelson, Fitzpatrick and Jordan",True,LIPBALM 4G LIGHTNING VIT E,0.0,0.0,0.0,0.0,cancelled,True,True,True,False,False,30,False,False,True,False,False,1
740531,10,S8907367004448,ZFG1001,1,PC,215.25,WB05,,,320000083,OR,ABCD,Z001,INR,2025-04-02,2025-04-02,215.25,C,,,10,80738062,000010,1.0,WB05,5101,2025-04-02,,A,C,,WB05,90504234,2.0,430.5,F2,2025-04-02,2025-04-03,215.25,True,9400000235,320000083,ABCD,2025-04-02,2025-04-02,761.97,"Nelson, Fitzpatrick and Jordan",True,DAILY MOISTURISING CREAM 50G SHEA BUTTER,0.0,0.0,0.0,0.0,cancelled,True,True,True,False,False,30,False,False,True,False,False,1
740532,10,S8907367013587,ZFG1001,1,PC,167.0,1301,,,320000082,OR,ABCD,Z001,INR,2025-04-02,2025-04-02,167.0,C,,,10,80754574,000010,1.0,1301,5095,2025-04-07,,A,C,,1301,90678696,2.0,334.0,F2,2025-05-16,2025-05-16,167.0,True,9400172473,320000082,ABCD,2025-05-16,2025-05-16,591.18,Nguyen-Davis,True,LIPBALM 4G ESSENCIA VIT E,5.0,39.0,0.0,44.0,cancelled,True,True,True,False,True,30,False,False,True,False,False,2
740533,10,B8907367022152,ZFG1001,1,PC,382.9,1301,,,320000082,OR,ABCD,Z001,INR,2025-04-02,2025-04-02,382.9,C,,,10,80754601,000010,1.0,1301,5095,2025-04-07,,A,C,,1301,90678698,6.0,765.8,F2,2025-05-16,2025-05-16,382.9,True,9400172475,320000082,ABCD,2025-05-16,2025-05-16,1355.46,Nguyen-Davis,True,FACEWASH VIT C-B1G1,5.0,39.0,0.0,44.0,cancelled,True,True,True,False,True,30,False,False,True,False,False,2
740533,20,S8907367011866,ZFG1001,2,PC,0.0,1301,,,320000082,OR,ABCD,Z001,INR,2025-04-02,2025-04-02,382.9,C,,,20,80754601,000020,2.0,1301,5095,2025-04-07,,A,C,,1301,90678698,6.0,765.8,F2,2025-05-16,2025-05-16,382.9,True,9400172475,320000082,ABCD,2025-05-16,2025-05-16,1355.46,Nguyen-Davis,True,FACEWASH 100ML VIT C,5.0,39.0,0.0,44.0,cancelled,True,True,True,False,True,30,False,False,True,False,False,2
740534,10,S8907367026433,ZFG1001,2,PC,310.76,WB05,,,320000083,OR,ABCD,Z001,INR,2025-04-02,2025-04-02,310.76,C,,,10,80738063,000010,2.0,WB05,5101,2025-04-02,,A,C,,WB05,90504235,4.0,621.52,F2,2025-04-02,2025-04-03,310.76,True,9400000236,320000083,ABCD,,,,"Nelson, Fitzpatrick and Jordan",True,ROLL-ON DEO 55ML BLEU,0.0,0.0,,,cancelled,True,True,False,False,False,30,False,False,True,False,False,1
740535,10,S8907367025344,ZFG1001,1,PC,179.0,1301,,,320000082,OR,ABCD,Z001,INR,2025-04-02,2025-04-02,179.0,C,,,10,80754602,000010,1.0,1301,5095,2025-04-07,,A,C,,1301,90678699,2.0,358.0,F2,2025-05-16,2025-05-16,179.0,True,9400172476,320000082,ABCD,2025-05-16,2025-05-16,633.66,Nguyen-Davis,True,ROLL-ON DEO 55ML BLANC,5.0,39.0,0.0,44.0,cancelled,True,True,True,False,True,30,False,False,True,False,False,2
740536,10,S8907367028192,ZFG1001,1,PC,168.64,WB05,,,320000083,OR,ABCD,Z001,INR,2025-04-02,2025-04-02,168.64,C,,,10,80738064,000010,1.0,WB05,5101,2025-04-02,,A,C,,WB05,90504237,2.0,337.28,F2,2025-04-02,2025-04-03,168.64,True,9400000238,320000083,ABCD,2025-04-02,2025-04-02,597.0,"Nelson, Fitzpatrick and Jordan",True,BODYWASH 200ML PATCHOULI+SEA SALT,0.0,0.0,0.0,0.0,cancelled,True,True,True,False,False,30,False,False,True,False,False,1
740537,10,S8907367013532,ZFG1001,1,PC,245.9,1301,,,320000082,OR,ABCD,Z001,INR,2025-04-02,2025-04-02,245.9,C,,,10,80754603,000010,1.0,1301,5095,2025-04-07,,A,C,,1301,90678700,2.0,491.8,F2,2025-05-16,2025-05-16,245.9,True,9400172477,320000082,ABCD,2025-05-16,2025-05-16,870.48,Nguyen-Davis,True,LIPBALM 4G LIGHTNING VIT E,5.0,39.0,0.0,44.0,cancelled,True,True,True,False,True,30,False,False,True,False,False,2
740538,10,S8907367008620,ZFG1001,1,PC,287.29,WB05,,,320000083,OR,ABCD,Z001,INR,2025-04-02,2025-04-02,287.29,C,,,10,80738065,000010,1.0,WB05,5101,2025-04-02,,A,C,,WB05,90504238,2.0,574.58,F2,2025-04-02,2025-04-03,287.29,True,9400000239,320000083,ABCD,2025-04-02,2025-04-02,1017.03,"Nelson, Fitzpatrick and Jordan",True,FACESERUM 30ML VIT C,0.0,0.0,0.0,0.0,cancelled,True,True,True,False,False,30,False,False,True,False,False,1
740539,10,S8907367004448,ZFG1001,1,PC,254.0,1301,,,320000082,OR,ABCD,Z001,INR,2025-04-02,2025-04-02,254.0,C,,,10,80754604,000010,1.0,1301,5095,2025-04-07,,A,C,,1301,91150085,2.0,508.0,S1,2025-05-16,2025-07-24,254.0,False,9400635856,320000082,ABCD,2025-05-16,2025-05-16,-899.16,Nguyen-Davis,True,DAILY MOISTURISING CREAM 50G SHEA BUTTER,5.0,39.0,0.0,44.0,paid,True,True,True,False,True,30,False,False,False,False,False,1
740540,10,S8907367008620,ZFG1001,1,PC,253.39,WB05,,,320000083,OR,ABCD,Z001,INR,2025-04-02,2025-04-02,253.39,C,,,10,80738066,000010,1.0,WB05,5101,2025-04-02,,A,C,,WB05,90504239,2.0,506.78,F2,2025-04-02,2025-04-03,253.39,True,9400000240,320000083,ABCD,2025-04-02,2025-04-02,897.03,"Nelson, Fitzpatrick and Jordan",True,FACESERUM 30ML VIT C,0.0,0.0,0.0,0.0,cancelled,True,True,True,False,False,30,False,False,True,False,False,1
740541,10,S8907367008620,ZFG1001,1,PC,299.0,1301,,,320000082,OR,ABCD,Z001,INR,2025-04-02,2025-04-02,299.0,C,,,10,80754605,000010,1.0,1301,5095,2025-04-07,,A,C,,1301,90678702,2.0,598.0,F2,2025-05-16,2025-05-16,299.0,True,9400172479,320000082,ABCD,2025-05-16,2025-05-16,1058.46,Nguyen-Davis,True,FACESERUM 30ML VIT C,5.0,39.0,0.0,44.0,cancelled,True,True,True,False,True,30,False,False,True,False,False,2
740542,10,B8907367032571,ZFG1001,1,PC,305.9,1301,,,320000082,OR,ABCD,Z001,INR,2025-04-02,2025-04-02,589.95,C,,,10,80754606,000010,1.0,1301,5095,2025-04-07,,A,C,,1301,90678703,8.0,1179.9,F2,2025-05-16,2025-05-16,589.95,True,9400172480,320000082,ABCD,2025-05-16,2025-05-16,2088.42,Nguyen-Davis,True,FACEWASH 100ML DETAN-PACK 2,5.0,39.0,0.0,44.0,cancelled,True,True,True,False,True,30,False,False,True,False,False,2
740542,20,S8907367025412,ZFG1001,2,PC,0.0,1301,,,320000082,OR,ABCD,Z001,INR,2025-04-02,2025-04-02,589.95,C,,,20,80754606,000020,2.0,1301,5095,2025-04-07,,A,C,,1301,90678703,8.0,1179.9,F2,2025-05-16,2025-05-16,589.95,True,9400172480,320000082,ABCD,2025-05-16,2025-05-16,2088.42,Nguyen-Davis,True,FACEWASH 100ML DE-TAN,5.0,39.0,0.0,44.0,cancelled,True,True,True,False,True,30,False,False,True,False,False,2
740542,30,S8907367008620,ZFG1001,1,PC,284.05,1301,,,320000082,OR,ABCD,Z001,INR,2025-04-02,2025-04-02,589.95,C,,,30,80754606,000030,1.0,1301,5095,2025-04-07,,A,C,,1301,90678703,8.0,1179.9,F2,2025-05-16,2025-05-16,589.95,True,9400172480,320000082,ABCD,2025-05-16,2025-05-16,2088.42,Nguyen-Davis,True,FACESERUM 30ML VIT C,5.0,39.0,0.0,44.0,cancelled,True,True,True,False,True,30,False,False,True,False,False,2
740543,10,S8907367013532,ZFG1001,1,PC,245.9,1301,,,320000082,OR,ABCD,Z001,INR,2025-04-02,2025-04-02,245.9,C,,,10,80754575,000010,1.0,1301,5095,2025-04-07,2025-04-29,C,C,,1301,90628265,1.0,245.9,F2,2025-04-30,2025-05-09,245.9,False,9400123662,320000082,ABCD,,,,Nguyen-Davis,True,LIPBALM 4G LIGHTNING VIT E,5.0,23.0,,,billed,True,True,False,False,True,30,False,True,False,False,False,2
740544,10,S8907367002512,ZFG1001,1,PC,287.9,1301,,,320000082,OR,ABCD,Z001,INR,2025-04-02,2025-04-02,287.9,C,,,10,80754576,000010,1.0,1301,5095,2025-04-07,2025-04-29,C,C,,1301,90628266,1.0,287.9,F2,2025-04-30,2025-05-09,287.9,False,9400123663,320000082,ABCD,,,,Nguyen-Davis,True,Machismo Hair cream wax 100GM,5.0,23.0,,,billed,True,True,False,False,True,30,False,True,False,False,False,2
740545,10,S8907367013532,ZFG1001,1,PC,179.66,KA05,,,320000088,OR,ABCD,Z001,INR,2025-04-02,2025-04-02,179.66,C,,,10,80737921,000010,1.0,KA05,5078,2025-04-02,,A,C,,KA05,90504406,2.0,359.32,F2,2025-04-02,2025-04-03,179.66,True,9400000406,320000088,ABCD,,,,Flores-Simmons,True,LIPBALM 4G LIGHTNING VIT E,0.0,0.0,,,cancelled,True,True,False,False,False,30,False,False,True,False,False,1
740546,10,S8907367038122,ZFG1001,1,PC,221.19,MH05,,,320000085,OR,ABCD,Z001,INR,2025-04-02,2025-04-02,221.19,C,,,10,80737922,000010,1.0,MH05,5085,2025-04-02,,A,C,,MH05,90504376,2.0,442.38,F2,2025-04-02,2025-04-03,221.19,True,9400000376,320000085,ABCD,,,,Hawkins Ltd,True,GLOW PRO MOISTURISER 50G,0.0,0.0,,,cancelled,True,True,False,False,False,30,False,False,True,False,False,1
740547,10,S8907367013532,ZFG1001,1,PC,180.34,WB05,,,320000083,OR,ABCD,Z001,INR,2025-04-02,2025-04-02,180.34,C,,,10,80738067,000010,1.0,WB05,5101,2025-04-02,,A,C,,WB05,90504241,2.0,360.68,F2,2025-04-02,2025-04-03,180.34,True,9400000241,320000083,ABCD,2025-04-02,2025-04-02,638.4,"Nelson, Fitzpatrick and Jordan",True,LIPBALM 4G LIGHTNING VIT E,0.0,0.0,0.0,0.0,cancelled,True,True,True,False,False,30,False,False,True,False,False,1
740548,10,S8907367025344,ZFG1001,1,PC,151.69,WB05,,,320000083,OR,ABCD,Z001,INR,2025-04-02,2025-04-02,151.69,C,,,10,80738068,000010,1.0,WB05,5101,2025-04-02,,A,C,,WB05,90504242,2.0,303.38,F2,2025-04-02,2025-04-03,151.69,True,9400000243,320000083,ABCD,2025-04-02,2025-04-02,536.97,"Nelson, Fitzpatrick and Jordan",True,ROLL-ON DEO 55ML BLANC,0.0,0.0,0.0,0.0,cancelled,True,True,True,False,False,30,False,False,True,False,False,1
740549,10,B8907367002246,ZFG1001,1,PC,1301.82,WB05,,,320000083,OR,ABCD,Z001,INR,2025-04-02,2025-04-02,2033.65,C,,,10,80738069,000010,1.0,WB05,5101,2025-04-02,,A,C,,WB05,90504243,24.0,4067.2999999999997,F2,2025-04-02,2025-04-03,2033.65,True,9400000244,320000083,ABCD,2025-04-02,2025-04-02,7199.1,"Nelson, Fitzpatrick and Jordan",True,THE CHARCOAL GANG,0.0,0.0,0.0,0.0,cancelled,True,True,True,False,False,30,False,False,True,False,False,1
740549,20,S8907367001836,ZFG1001,1,PC,0.0,WB05,,,320000083,OR,ABCD,Z001,INR,2025-04-02,2025-04-02,2033.65,C,,,20,80738069,000020,1.0,WB05,5101,2025-04-02,,A,C,,WB05,90504243,24.0,4067.2999999999997,F2,2025-04-02,2025-04-03,2033.65,True,9400000244,320000083,ABCD,2025-04-02,2025-04-02,7199.1,"Nelson, Fitzpatrick and Jordan",True,BODYWASH 250ML LEMONGRASS CINNAMON,0.0,0.0,0.0,0.0,cancelled,True,True,True,False,False,30,False,False,True,False,False,1
740549,30,S8907367001874,ZFG1001,1,PC,0.0,WB05,,,320000083,OR,ABCD,Z001,INR,2025-04-02,2025-04-02,2033.65,C,,,30,80738069,000030,1.0,WB05,5101,2025-04-02,,A,C,,WB05,90504243,24.0,4067.2999999999997,F2,2025-04-02,2025-04-03,2033.65,True,9400000244,320000083,ABCD,2025-04-02,2025-04-02,7199.1,"Nelson, Fitzpatrick and Jordan",True,FACESCRUB 100G LEMONGRASS+EUCALYPTUS,0.0,0.0,0.0,0.0,cancelled,True,True,True,False,False,30,False,False,True,False,False,1
740549,40,3001468,ZPKG004,1,PC,0.0,WB05,,,320000083,OR,ABCD,Z001,INR,2025-04-02,2025-04-02,2033.65,C,,,40,80738069,000040,1.0,WB05,5101,2025-04-02,,A,C,,WB05,90504243,24.0,4067.2999999999997,F2,2025-04-02,2025-04-03,2033.65,True,9400000244,320000083,ABCD,2025-04-02,2025-04-02,7199.1,"Nelson, Fitzpatrick and Jordan",True,WB-GS CHARCOAL GANG 22.2X24X6.7CM,0.0,0.0,0.0,0.0,cancelled,True,True,True,False,False,30,False,False,True,False,False,1
740549,50,S8907367001850,ZFG1001,1,PC,0.0,WB05,,,320000083,OR,ABCD,Z001,INR,2025-04-02,2025-04-02,2033.65,C,,,50,80738069,000050,1.0,WB05,5101,2025-04-02,,A,C,,WB05,90504243,24.0,4067.2999999999997,F2,2025-04-02,2025-04-03,2033.65,True,9400000244,320000083,ABCD,2025-04-02,2025-04-02,7199.1,"Nelson, Fitzpatrick and Jordan",True,CLEANSING GEL 100ML BLACKPEPPER BERGAMOT,0.0,0.0,0.0,0.0,cancelled,True,True,True,False,False,30,False,False,True,False,False,1
740549,60,S8907367001843,ZFG1001,1,PC,0.0,WB05,,,320000083,OR,ABCD,Z001,INR,2025-04-02,2025-04-02,2033.65,C,,,60,80738069,000060,1.0,WB05,5101,2025-04-02,,A,C,,WB05,90504243,24.0,4067.2999999999997,F2,2025-04-02,2025-04-03,2033.65,True,9400000244,320000083,ABCD,2025-04-02,2025-04-02,7199.1,"Nelson, Fitzpatrick and Jordan",True,SHAMPOO 250ML CHARCOAL PEPPER MINT CLOVE,0.0,0.0,0.0,0.0,cancelled,True,True,True,False,False,30,False,False,True,False,False,1
740549,70,3001456,ZPKG004,1,PC,0.0,WB05,,,320000083,OR,ABCD,Z001,INR,2025-04-02,2025-04-02,2033.65,C,,,70,80738069,000070,1.0,WB05,5101,2025-04-02,,A,C,,WB05,90504243,24.0,4067.2999999999997,F2,2025-04-02,2025-04-03,2033.65,True,9400000244,320000083,ABCD,2025-04-02,2025-04-02,7199.1,"Nelson, Fitzpatrick and Jordan",True,WB-CG CHARCOAL GANG,0.0,0.0,0.0,0.0,cancelled,True,True,True,False,False,30,False,False,True,False,False,1
740549,80,S8907367001867,ZFG1001,1,PC,0.0,WB05,,,320000083,OR,ABCD,Z001,INR,2025-04-02,2025-04-02,2033.65,C,,,80,80738069,000080,1.0,WB05,5101,2025-04-02,,A,C,,WB05,90504243,24.0,4067.2999999999997,F2,2025-04-02,2025-04-03,2033.65,True,9400000244,320000083,ABCD,2025-04-02,2025-04-02,7199.1,"Nelson, Fitzpatrick and Jordan",True,FACEWASH 100ML BOTL YLANG-YLANG ARGAN,0.0,0.0,0.0,0.0,cancelled,True,True,True,False,False,30,False,False,True,False,False,1
740549,90,S8907367002550,ZFG1001,1,PC,0.0,WB05,,,320000083,OR,ABCD,Z001,INR,2025-04-02,2025-04-02,2033.65,C,,,90,80738069,000090,1.0,WB05,5101,2025-04-02,,A,C,,WB05,90504243,24.0,4067.2999999999997,F2,2025-04-02,2025-04-03,2033.65,True,9400000244,320000083,ABCD,2025-04-02,2025-04-02,7199.1,"Nelson, Fitzpatrick and Jordan",True,SOAP 125G CHARCOAL,0.0,0.0,0.0,0.0,cancelled,True,True,True,False,False,30,False,False,True,False,False,1
740549,100,S8907367038108,ZFG1001,1,PC,208.52,WB05,,,320000083,OR,ABCD,Z001,INR,2025-04-02,2025-04-02,2033.65,C,,,100,80738069,000100,1.0,WB05,5101,2025-04-02,,A,C,,WB05,90504243,24.0,4067.2999999999997,F2,2025-04-02,2025-04-03,2033.65,True,9400000244,320000083,ABCD,2025-04-02,2025-04-02,7199.1,"Nelson, Fitzpatrick and Jordan",True,FACEWASH 100ML GLOW PRO,0.0,0.0,0.0,0.0,cancelled,True,True,True,False,False,30,False,False,True,False,False,1
740549,110,S8907367038122,ZFG1001,1,PC,210.13,WB05,,,320000083,OR,ABCD,Z001,INR,2025-04-02,2025-04-02,2033.65,C,,,110,80738069,000110,1.0,WB05,5101,2025-04-02,,A,C,,WB05,90504243,24.0,4067.2999999999997,F2,2025-04-02,2025-04-03,2033.65,True,9400000244,320000083,ABCD,2025-04-02,2025-04-02,7199.1,"Nelson, Fitzpatrick and Jordan",True,GLOW PRO MOISTURISER 50G,0.0,0.0,0.0,0.0,cancelled,True,True,True,False,False,30,False,False,True,False,False,1
740549,120,S8907367039280,ZFG1001,1,PC,313.18,WB05,,,320000083,OR,ABCD,Z001,INR,2025-04-02,2025-04-02,2033.65,C,,,120,80738069,000120,1.0,WB05,5101,2025-04-02,,A,C,,WB05,90504243,24.0,4067.2999999999997,F2,2025-04-02,2025-04-03,2033.65,True,9400000244,320000083,ABCD,2025-04-02,2025-04-02,7199.1,"Nelson, Fitzpatrick and Jordan",True,SUNSCREEN GEL SPF50-PA+++ 50ML,0.0,0.0,0.0,0.0,cancelled,True,True,True,False,False,30,False,False,True,False,False,1
740550,10,S8907367039280,ZFG1001,1,PC,329.66,WB05,,,320000083,OR,ABCD,Z001,INR,2025-04-02,2025-04-02,329.66,C,,,10,80738070,000010,1.0,WB05,5101,2025-04-02,,A,C,,WB05,90504245,2.0,659.32,F2,2025-04-02,2025-04-03,329.66,True,9400000246,320000083,ABCD,2025-04-02,2025-04-02,1167.0,"Nelson, Fitzpatrick and Jordan",True,SUNSCREEN GEL SPF50-PA+++ 50ML,0.0,0.0,0.0,0.0,cancelled,True,True,True,False,False,30,False,False,True,False,False,1
740551,10,S8907367038122,ZFG1001,1,PC,221.19,WB05,,,320000083,OR,ABCD,Z001,INR,2025-04-02,2025-04-02,221.19,C,,,10,80738071,000010,1.0,WB05,5101,2025-04-02,,A,C,,WB05,90504246,2.0,442.38,F2,2025-04-02,2025-04-03,221.19,True,9400000247,320000083,ABCD,2025-04-02,2025-04-02,783.03,"Nelson, Fitzpatrick and Jordan",True,GLOW PRO MOISTURISER 50G,0.0,0.0,0.0,0.0,cancelled,True,True,True,False,False,30,False,False,True,False,False,1
740552,10,S8907367001003,ZFG1001,1,PC,216.1,WB05,,,320000083,OR,ABCD,Z001,INR,2025-04-02,2025-04-02,216.1,C,,,10,80738072,000010,1.0,WB05,5101,2025-04-02,2025-04-02,C,C,,WB05,90504248,1.0,216.1,F2,2025-04-02,2025-04-03,216.1,False,9400000249,320000083,ABCD,,,,"Nelson, Fitzpatrick and Jordan",True,BEARDOIL 30ML ALMOND+THYME,0.0,0.0,,,billed,True,True,False,False,False,30,False,True,False,False,False,1
740553,10,S8907367010814,ZFG1001,1,PC,320.42,WB05,,,320000083,OR,ABCD,Z001,INR,2025-04-02,2025-04-02,561.14,C,,,10,80738073,000010,1.0,WB05,5031,2025-04-02,,A,C,,WB05,90504249,4.0,1122.28,F2,2025-04-02,2025-04-03,561.14,True,9400000250,320000083,ABCD,2025-04-02,2025-04-02,1986.42,"Nelson, Fitzpatrick and Jordan",True,EDT 50ML BLACK,0.0,0.0,0.0,0.0,cancelled,True,True,True,False,False,30,False,False,True,False,False,1
740553,20,S8907367008620,ZFG1001,1,PC,240.72,WB05,,,320000083,OR,ABCD,Z001,INR,2025-04-02,2025-04-02,561.14,C,,,20,80738073,000020,1.0,WB05,5031,2025-04-02,,A,C,,WB05,90504249,4.0,1122.28,F2,2025-04-02,2025-04-03,561.14,True,9400000250,320000083,ABCD,2025-04-02,2025-04-02,1986.42,"Nelson, Fitzpatrick and Jordan",True,FACESERUM 30ML VIT C,0.0,0.0,0.0,0.0,cancelled,True,True,True,False,False,30,False,False,True,False,False,1
740554,10,S8907367041993,ZFG1001,1,PC,422.88,WB05,,,320000083,OR,ABCD,Z001,INR,2025-04-02,2025-04-02,422.88,C,,,10,80738074,000010,1.0,WB05,5031,2025-04-02,,A,C,,WB05,90504250,2.0,845.76,F2,2025-04-02,2025-04-03,422.88,True,9400000251,320000083,ABCD,,,,"Nelson, Fitzpatrick and Jordan",True,Hope 100ml EDP,0.0,0.0,,,cancelled,True,True,False,False,False,30,False,False,True,False,False,1
740555,10,B8907367015697,ZFG1001,1,PC,429.66,WB05,,,320000083,OR,ABCD,Z001,INR,2025-04-02,2025-04-02,429.66,C,,,10,80738075,000010,1.0,WB05,5031,2025-04-02,,A,C,,WB05,90504252,6.0,859.32,F2,2025-04-02,2025-04-03,429.66,True,9400000253,320000083,ABCD,,,,"Nelson, Fitzpatrick and Jordan",True,LIP LIGHTENING COMBO,0.0,0.0,,,cancelled,True,True,False,False,False,30,False,False,True,False,False,1
740555,20,S8907367013532,ZFG1001,1,PC,0.0,WB05,,,320000083,OR,ABCD,Z001,INR,2025-04-02,2025-04-02,429.66,C,,,20,80738075,000020,1.0,WB05,5031,2025-04-02,,A,C,,WB05,90504252,6.0,859.32,F2,2025-04-02,2025-04-03,429.66,True,9400000253,320000083,ABCD,,,,"Nelson, Fitzpatrick and Jordan",True,LIPBALM 4G LIGHTNING VIT E,0.0,0.0,,,cancelled,True,True,False,False,False,30,False,False,True,False,False,1
740555,30,S8907367014447,ZFG1001,1,PC,0.0,WB05,,,320000083,OR,ABCD,Z001,INR,2025-04-02,2025-04-02,429.66,C,,,30,80738075,000030,1.0,WB05,5031,2025-04-02,,A,C,,WB05,90504252,6.0,859.32,F2,2025-04-02,2025-04-03,429.66,True,9400000253,320000083,ABCD,,,,"Nelson, Fitzpatrick and Jordan",True,LIPSCRUB 10G LIGHTENING,0.0,0.0,,,cancelled,True,True,False,False,False,30,False,False,True,False,False,1
